Workbook
Name Fullskala: 'CRITERIOS DE CALIFICACIÓN'!$B$2:$B$7
Name OLE_LINK1: CUESTIONARIO!#REF!
Name OLE_LINK3: CUESTIONARIO!$A$59
Name OLE_LINK5: CUESTIONARIO!#REF!
Name Score_ISBR1: CUESTIONARIO!$E$2
Name Score_ISBR10: CUESTIONARIO!$E$68
Name Score_ISBR11: CUESTIONARIO!$E$78
Name Score_ISBR12: CUESTIONARIO!$E$84
Name Score_ISBR13: CUESTIONARIO!$E$89
Name Score_ISBR14: CUESTIONARIO!$E$97
Name Score_ISBR15: CUESTIONARIO!$E$102
Name Score_ISBR16: CUESTIONARIO!$E$116
Name Score_ISBR17: CUESTIONARIO!$E$127
Name Score_ISBR18: CUESTIONARIO!$E$131
Name Score_ISBR19: CUESTIONARIO!$E$143
Name Score_ISBR2: CUESTIONARIO!$E$12
Name Score_ISBR3: CUESTIONARIO!$E$22
Name Score_ISBR4: CUESTIONARIO!$E$28
Name Score_ISBR5: CUESTIONARIO!$E$37
Name Score_ISBR6: CUESTIONARIO!$E$44
Name Score_ISBR7: CUESTIONARIO!$E$51
Name Score_ISBR8: CUESTIONARIO!$E$59
Name Score_ISBR9: CUESTIONARIO!$E$64
Name SÍ: CUESTIONARIO!$C$3
Name Title_ISBR1: CUESTIONARIO!$A$2
Name Title_ISBR10: CUESTIONARIO!$A$68
Name Title_ISBR11: CUESTIONARIO!$A$78
Name Title_ISBR12: CUESTIONARIO!$A$84
Name Title_ISBR13: CUESTIONARIO!$A$89
Name Title_ISBR14: CUESTIONARIO!$A$97
Name Title_ISBR15: CUESTIONARIO!$A$102
Name Title_ISBR16: CUESTIONARIO!$A$116
Name Title_ISBR17: CUESTIONARIO!$A$127
Name Title_ISBR18: CUESTIONARIO!$A$131
Name Title_ISBR19: CUESTIONARIO!$A$143
Name Title_ISBR2: CUESTIONARIO!$A$12
Name Title_ISBR3: CUESTIONARIO!$A$22
Name Title_ISBR4: CUESTIONARIO!$A$28
Name Title_ISBR5: CUESTIONARIO!$A$37
Name Title_ISBR6: CUESTIONARIO!$A$44
Name Title_ISBR7: CUESTIONARIO!$A$51
Name Title_ISBR8: CUESTIONARIO!$A$59
Name Title_ISBR9: CUESTIONARIO!$A$64
Name yesno: 'CRITERIOS DE CALIFICACIÓN'!$B$10:$B$11

Sheet INTRODUCCIÓN
B1: Una evaluación técnica de 19 aspectos clave
B2: Esta es una herramienta de autoevaluación para verificar el grado de cumplimiento de una empresa con los requisitos básicos de seguridad de la información. La herramienta está destinada a ayudar a las empresas a evaluar el nivel de seguridad de sus sistemas informáticos y de control de procesos, seguridad y soporte. No está destinada a ser utilizada para realizar informes a terceros como criterio de cumplimiento, este auto diagnóstico está diseñado únicamente para uso interno. La utilización de esta herramienta depende totalmente de la empresa y siempre considerando que es para los usos legales que a ella convengan sin involucrar legalmente, administrativamente, asociativamente o de cualquier otra índole a Innevo ya que la única intención es que sirva como punto de inicio a cualquier organización que desea conocer de forma general el grado de exposición que tiene en su sistema de gestión de seguridad de la información.
A3: Obtén más recursos y conoce nuestros servicios en innevo.com
A5: Cómo usar este recurso
A6: 1. Guarda una copia en tu dispositivo o almacenamiento en la nube
A7: 2. Abre el documento.
A8: 3. Si tus configuraciones de seguridad lo abren en "VISTA PROTEGIDA", asegúrate de Habilitar la edición.
A9: 4. Siguiendo estos pasos, podrás hacer uso de la hoja CUESTIONARIO que calculará automáticamente el puntaje de tu empresa según tus respuestas.
A10: 5. Revisa la hoja INTERPRETACIÓN DEL DIAGNÓSTICO para conocer los resultados.

Sheet CUESTIONARIO
A1: # | B1: Concepto | C1: Calificación | D1: Notas o comentarios | E1: Puntaje obtenido
A2: 1.- Política de seguridad de la información. | E2: =AVERAGE(E3:E11) -> #DIV/0!
A3: 1-1 | B3: ¿Tiene la empresa un documento de política de seguridad de la información desarrollado específicamente para ella? | E3: =IF(C3="","",(VLOOKUP(C3,'CRITERIOS DE CALIFICACIÓN'!$B$2:$C$11,2,FALSE)))
A4: 1-2 | B4: Si la respuesta a la pregunta anterior fue NO, conteste: ¿Tiene la empresa políticas de seguridad de la información no documentadas pero incorporadas en sus procesos? | E4: =IF(C4="","",(VLOOKUP(C4,'CRITERIOS DE CALIFICACIÓN'!$B$2:$C$11,2,FALSE)))
A5: 1-3 | B5: Si la respuesta a la pregunta 1-1 fue SÍ, responda ¿La política de seguridad de la información ha sido firmada por la alta dirección?. | E5: =IF(C5="","",(VLOOKUP(C5,'CRITERIOS DE CALIFICACIÓN'!$B$2:$C$11,2,FALSE)))
A6: 1-4 | B6: ¿No ha pasada más de un año desde que se redactó o revisó la política de seguridad de la información? | E6: =IF(C6="","",(VLOOKUP(C6,'CRITERIOS DE CALIFICACIÓN'!$B$2:$C$11,2,FALSE)))
A7: 1-5 | B7: ¿En qué medida se aplica la política de seguridad de la información en todos los entornos de producción de la empresa? | E7: =IF(C7="","",(VLOOKUP(C7,'CRITERIOS DE CALIFICACIÓN'!$B$2:$C$11,2,FALSE)))
A8: 1-6 | B8: ¿En qué medida la alta dirección es activa en la promoción y aplicación de la política de seguridad de la información? | E8: =IF(C8="","",(VLOOKUP(C8,'CRITERIOS DE CALIFICACIÓN'!$B$2:$C$11,2,FALSE)))
A9: 1-7 | B9: ¿En qué medida tu personal y proveedores están informados y familiarizados con la política de seguridad de la información? | E9: =IF(C9="","",(VLOOKUP(C9,'CRITERIOS DE CALIFICACIÓN'!$B$2:$C$11,2,FALSE)))
A10: 1-8 | B10: ¿En qué medida todo el personal y proveedores cumplen con la política de seguridad de la información? | E10: =IF(C10="","",(VLOOKUP(C10,'CRITERIOS DE CALIFICACIÓN'!$B$2:$C$11,2,FALSE)))
A11: 1-9 | B11: ¿En qué medida la política de seguridad de la información cubre las necesidades de seguridad de información de tus clientes y reglamentos que le apliquen? | E11: =IF(C11="","",(VLOOKUP(C11,'CRITERIOS DE CALIFICACIÓN'!$B$2:$C$11,2,FALSE)))
A12: 2. - Proceso de gestión de riesgos de seguridad de la información para los sistemas y redes. | E12: =AVERAGE(E13:E21) -> #DIV/0!
A13: 2-1 | B13: ¿Tiene la empresa requisitos documentados para realizar evaluaciones de riesgos periódicas de todos los sistemas informáticos críticos? | E13: =IF(C13="","",(VLOOKUP(C13,'CRITERIOS DE CALIFICACIÓN'!$B$2:$C$11,2,FALSE)))
A14: 2-2 | B14: ¿Tiene la empresa un marco o metodología documentada para la evaluación de riesgos que se pueda utilizar para la seguridad de la información? | E14: =IF(C14="","",(VLOOKUP(C14,'CRITERIOS DE CALIFICACIÓN'!$B$2:$C$11,2,FALSE)))
A15: 2-3 | B15: ¿En qué medida se han realizado evaluaciones de riesgos para la seguridad de la información para todos los sistemas críticos durante el año pasado? | E15: =IF(C15="","",(VLOOKUP(C15,'CRITERIOS DE CALIFICACIÓN'!$B$2:$C$11,2,FALSE)))
A16: 2-4 | B16: ¿En qué medida ha aprobado la dirección general el riesgo residual una vez mitigados los riesgos pre-existentes y el plan de implementación de las medidas y controles de seguridad propuestos? | E16: =IF(C16="","",(VLOOKUP(C16,'CRITERIOS DE CALIFICACIÓN'!$B$2:$C$11,2,FALSE)))
A17: 2-5 | B17: ¿En qué medida se enfrentan inmediatamente los nuevos riesgos graves de seguridad de la información? | E17: =IF(C17="","",(VLOOKUP(C17,'CRITERIOS DE CALIFICACIÓN'!$B$2:$C$11,2,FALSE)))
A18: 2-6 | B18: ¿En qué medida se dispone de documentación, estructura y presentación de informes sobre los riesgos identificados? | E18: =IF(C18="","",(VLOOKUP(C18,'CRITERIOS DE CALIFICACIÓN'!$B$2:$C$11,2,FALSE)))
A19: 2-7 | B19: ¿En qué medida se registran todos los nuevos riesgos de seguridad de la información? | E19: =IF(C19="","",(VLOOKUP(C19,'CRITERIOS DE CALIFICACIÓN'!$B$2:$C$11,2,FALSE)))
A20: 2-8 | B20: ¿En qué medida se hace un seguimiento de todos los riesgos registrados y se responde en un plazo razonable? | E20: =IF(C20="","",(VLOOKUP(C20,'CRITERIOS DE CALIFICACIÓN'!$B$2:$C$11,2,FALSE)))
A21: 2-9 | B21: ¿Existe un plan de mitigación de riesgos con actividades de mitigación estructuradas en actividades proactivas y reactivas, basadas en medidas preventivas, de detección o correctivas para garantizar la reducción de riesgos que involucren tanto la probabilidad como el impacto de incidentes y violaciones de seguridad? | E21: =IF(C21="","",(VLOOKUP(C21,'CRITERIOS DE CALIFICACIÓN'!$B$2:$C$11,2,FALSE)))
A22: 3. - Los sistemas informáticos y de resguardo de información no digital deben tener propietarios designados y de los datos correspondientes. | E22: =AVERAGE(E23:E27) -> #DIV/0!
A23: 3-1 | B23: ¿Existen requisitos internos para designar propietarios de sistemas y/o información para sistemas críticos? | E23: =IF(C23="","",(VLOOKUP(C23,'CRITERIOS DE CALIFICACIÓN'!$B$2:$C$11,2,FALSE)))
A24: 3-2 | B24: ¿En qué medida se designan realmente propietarios de sistemas/información para todos los sistemas críticos ? | E24: =IF(C24="","",(VLOOKUP(C24,'CRITERIOS DE CALIFICACIÓN'!$B$2:$C$11,2,FALSE)))
A25: 3-3 | B25: ¿Tiene la empresa una visión general completa, actualizada y documentada (lista o base de datos) del personal designado como propietario del sistema/información? | E25: =IF(C25="","",(VLOOKUP(C25,'CRITERIOS DE CALIFICACIÓN'!$B$2:$C$11,2,FALSE)))
A26: 3-4 | B26: ¿Tiene la empresa documentación que describa la autoridad y las responsabilidades del rol del propietario del sistema/información? | E26: =IF(C26="","",(VLOOKUP(C26,'CRITERIOS DE CALIFICACIÓN'!$B$2:$C$11,2,FALSE)))
A27: 3-5 | B27: ¿Se ha establecido la división de las funciones y responsabilidades de seguridad entre los propietarios de sistemas/información y las partes interesadas de terceros (por ejemplo, proveedores, clientes y socios) para cada sistema, equipo de dómputo o componente de infraestructura de TI? | E27: =IF(C27="","",(VLOOKUP(C27,'CRITERIOS DE CALIFICACIÓN'!$B$2:$C$11,2,FALSE)))
A28: 4. - La infraestructura informática debe tener redes segmentadas y todas las rutas de comunicación deben ser controladas y auditadas. | E28: =AVERAGE(E29:E36) -> #DIV/0!
A29: 4-1 | B29: ¿Tiene la empresa requisitos documentados para segmentar las redes de dominio de las del dominio de oficina? | E29: =IF(C29="","",(VLOOKUP(C29,'CRITERIOS DE CALIFICACIÓN'!$B$2:$C$11,2,FALSE)))
A30: 4-2 | B30: ¿En qué medida las redes de dominio de están realmente segmentadas de las del dominio de la oficina (por ejemplo, mediante la instalación de firewalls estrechamente configurados entre ellas)? | E30: =IF(C30="","",(VLOOKUP(C30,'CRITERIOS DE CALIFICACIÓN'!$B$2:$C$11,2,FALSE)))
A31: 4-3 | B31: ¿En qué medida las redes del dominio de las TIC del PCSS están segmentadas entre sí (es decir, los sistemas que no tienen una necesidad funcional u operativa de estar en la misma red están segmentados entre sí)? | E31: =IF(C31="","",(VLOOKUP(C31,'CRITERIOS DE CALIFICACIÓN'!$B$2:$C$11,2,FALSE)))
A32: 4-4 | B32: ¿En qué medida la comunicación de datos entre los diferentes segmentos de red en el dominio está controlada por interfaces (por ejemplo, firewalls, enrutadores de filtrado)? | E32: =IF(C32="","",(VLOOKUP(C32,'CRITERIOS DE CALIFICACIÓN'!$B$2:$C$11,2,FALSE)))
A33: 4-5 | B33: ¿Hasta qué punto toda la comunicación de datos externos entre las redes y los proveedores pasa a través de interfaces controladas (por ejemplo, firewalls, servidores de terminales)? | E33: =IF(C33="","",(VLOOKUP(C33,'CRITERIOS DE CALIFICACIÓN'!$B$2:$C$11,2,FALSE)))
A34: 4-6 | B34: ¿Se revisan regularmente las reglas de firewall para garantizar que solo se configuren las reglas necesarias? | E34: =IF(C34="","",(VLOOKUP(C34,'CRITERIOS DE CALIFICACIÓN'!$B$2:$C$11,2,FALSE)))
A35: 4-7 | B35: ¿Se registran y supervisan los cortafuegos? | E35: =IF(C35="","",(VLOOKUP(C35,'CRITERIOS DE CALIFICACIÓN'!$B$2:$C$11,2,FALSE)))
A36: 4-8 | B36: ¿En qué medida la solución de gestión de cortafuegos está protegida contra el acceso no autorizado (es decir, mediante la autenticación de dos factores)? | E36: =IF(C36="","",(VLOOKUP(C36,'CRITERIOS DE CALIFICACIÓN'!$B$2:$C$11,2,FALSE)))
A37: 5. - Los usuarios de los sistemas deben recibir capacitación en la conciencia de la seguridad de la información y el uso seguro de los sistemas de TI de acuerdo con las políticas y procesos establecidos. | E37: =AVERAGE(E38:E43) -> #DIV/0!
A38: 5-1 | B38: ¿En qué medida se han establecido requisitos documentados para proporcionar capacitación actualizada en seguridad de la información para todo el personal? | E38: =IF(C38="","",(VLOOKUP(C38,'CRITERIOS DE CALIFICACIÓN'!$B$2:$C$11,2,FALSE)))
A39: 5-2 | B39: ¿En qué medida se está capacitando en seguridad de la información al personal recién contratado? | E39: =IF(C39="","",(VLOOKUP(C39,'CRITERIOS DE CALIFICACIÓN'!$B$2:$C$11,2,FALSE)))
A40: 5-3 | B40: ¿En qué medida también está disponible para los proveedores una capacitación actualizada sobre seguridad de la información? | E40: =IF(C40="","",(VLOOKUP(C40,'CRITERIOS DE CALIFICACIÓN'!$B$2:$C$11,2,FALSE)))
A41: 5-4 | B41: ¿En qué medida se repite la capacitación en seguridad de la información para garantizar que el personal y proveedores estén actualizados sobre los desarrollos con el delito cibernético? | E41: =IF(C41="","",(VLOOKUP(C41,'CRITERIOS DE CALIFICACIÓN'!$B$2:$C$11,2,FALSE)))
A42: 5-5 | B42: ¿En qué medida se ha completado y documentado la capacitación en seguridad de la información antes de que se otorgue acceso al entorno de producción? | E42: =IF(C42="","",(VLOOKUP(C42,'CRITERIOS DE CALIFICACIÓN'!$B$2:$C$11,2,FALSE)))
A43: 5-6 | B43: ¿Hasta qué punto la alta dirección se centra en crear conciencia sobre la seguridad de la información? | E43: =IF(C43="","",(VLOOKUP(C43,'CRITERIOS DE CALIFICACIÓN'!$B$2:$C$11,2,FALSE)))
A44: 6. - Los sistemas informáticos sólo se utilizarán para los fines designados. | E44: =AVERAGE(E45:E50) -> #DIV/0!
A45: 6-1 | B45: ¿En qué medida se auditan los sistemas críticos para garantizar que solo se instale software autorizado y dedicado? | E45: =IF(C45="","",(VLOOKUP(C45,'CRITERIOS DE CALIFICACIÓN'!$B$2:$C$11,2,FALSE)))
A46: 6-2 | B46: ¿Se eliminan las solicitudes no autorizadas de manera segura, documentada y aprobada? | E46: =IF(C46="","",(VLOOKUP(C46,'CRITERIOS DE CALIFICACIÓN'!$B$2:$C$11,2,FALSE)))
A47: 6-3 | B47: ¿Se eliminan las aplicaciones obsoletas de manera segura, que está documentada y aprobada? | E47: =IF(C47="","",(VLOOKUP(C47,'CRITERIOS DE CALIFICACIÓN'!$B$2:$C$11,2,FALSE)))
A48: 6-4 | B48: ¿En qué medida se ha documentado el uso aceptable de cada uno de los sistemas críticos? | E48: =IF(C48="","",(VLOOKUP(C48,'CRITERIOS DE CALIFICACIÓN'!$B$2:$C$11,2,FALSE)))
A49: 6-5 | B49: ¿En qué medida se configuran y refuerzan los sistemas críticos para que sólo se utilicen para su propósito designado originalmente? | E49: =IF(C49="","",(VLOOKUP(C49,'CRITERIOS DE CALIFICACIÓN'!$B$2:$C$11,2,FALSE)))
A50: 6-6 | B50: ¿En qué medida se configuran y utilizan también equipos móviles (como ordenadores portátiles, móviles, etc.) para comunicarse con los sistemas de tal manera que no puedan utilizarse para otros fines? | E50: =IF(C50="","",(VLOOKUP(C50,'CRITERIOS DE CALIFICACIÓN'!$B$2:$C$11,2,FALSE)))
A51: 7. - Preparación para la recuperación ante desastres. | E51: =AVERAGE(E52:E58) -> #DIV/0!
A52: 7-1 | B52: ¿Tiene la empresa un proceso gestionado para desarrollar planes de recuperación ante desastres para todos los sistemas críticos? | E52: =IF(C52="","",(VLOOKUP(C52,'CRITERIOS DE CALIFICACIÓN'!$B$2:$C$11,2,FALSE)))
A53: 7-2 | B53: ¿Hasta qué punto la empresa tiene planes documentados de recuperación ante desastres para cada sistema crítico? | E53: =IF(C53="","",(VLOOKUP(C53,'CRITERIOS DE CALIFICACIÓN'!$B$2:$C$11,2,FALSE)))
A54: 7-3 | B54: ¿Tiene la empresa un proceso administrado para mantener y actualizar los planes de recuperación ante desastres de seguridad? | E54: =IF(C54="","",(VLOOKUP(C54,'CRITERIOS DE CALIFICACIÓN'!$B$2:$C$11,2,FALSE)))
A55: 7-4 | B55: ¿En qué medida se han probado y entrenado planes de recuperación ante desastres de seguridad para todos los sistemas críticos en los últimos dos años? | E55: =IF(C55="","",(VLOOKUP(C55,'CRITERIOS DE CALIFICACIÓN'!$B$2:$C$11,2,FALSE)))
A56: 7-5 | B56: ¿En qué medida los planes de recuperación de desastres de seguridad están disponibles para el personal pertinente en caso de desastre? | E56: =IF(C56="","",(VLOOKUP(C56,'CRITERIOS DE CALIFICACIÓN'!$B$2:$C$11,2,FALSE)))
A57: 7-6 | B57: ¿En qué medida los planes de recuperación ante desastres están alineados con los planes de continuidad del negocio? | E57: =IF(C57="","",(VLOOKUP(C57,'CRITERIOS DE CALIFICACIÓN'!$B$2:$C$11,2,FALSE)))
A58: 7-7 | B58: ¿En qué medida los planes de recuperación ante desastres identifican el proceso y los requisitos para declarar un desastre? | E58: =IF(C58="","",(VLOOKUP(C58,'CRITERIOS DE CALIFICACIÓN'!$B$2:$C$11,2,FALSE)))
A59: 8.- Los requisitos de seguridad de la información se integrarán en los procesos de ingeniería, adquisición y despliegue. | E59: =AVERAGE(E60:E63) -> #DIV/0!
A60: 8-1 | B60: ¿En qué medida la empresa especifica actualmente los requisitos de seguridad de la información en todas las partes del proceso de ingeniería, adquisición y puesta en marcha de los sistemas de TI? | E60: =IF(C60="","",(VLOOKUP(C60,'CRITERIOS DE CALIFICACIÓN'!$B$2:$C$11,2,FALSE)))
A61: 8-2 | B61: ¿Los contratos, licitaciones y otros acuerdos de la empresa relacionados con los sistemas de IC describen los requisitos relevantes de seguridad de la información? | E61: =IF(C61="","",(VLOOKUP(C61,'CRITERIOS DE CALIFICACIÓN'!$B$2:$C$11,2,FALSE)))
A62: 8-3 | B62: ¿En qué medida los proveedores documentan los controles y medidas de seguridad de la información aplicados en los nuevos sistemas de TIC? | E62: =IF(C62="","",(VLOOKUP(C62,'CRITERIOS DE CALIFICACIÓN'!$B$2:$C$11,2,FALSE)))
A63: 8-4 | B63: ¿En qué medida la empresa prueba los controles y medidas de seguridad de la información que se han implementado antes de que se pongan en funcionamiento nuevos sistemas o actualizaciones de estos? | E63: =IF(C63="","",(VLOOKUP(C63,'CRITERIOS DE CALIFICACIÓN'!$B$2:$C$11,2,FALSE)))
A64: 9. - Los sistemas críticos deben tener niveles de servicio y soporte definidos y documentados. | E64: =AVERAGE(E65:E67) -> #DIV/0!
A65: 9-1 | B65: ¿Tiene la empresa requisitos documentados para especificar el nivel necesario de servicio y soporte de por vida para los sistemas informáticos? | E65: =IF(C65="","",(VLOOKUP(C65,'CRITERIOS DE CALIFICACIÓN'!$B$2:$C$11,2,FALSE)))
A66: 9-2 | B66: ¿Hasta qué punto se documentan las soluciones para los ciclos de vida de servicio y soporte? | E66: =IF(C66="","",(VLOOKUP(C66,'CRITERIOS DE CALIFICACIÓN'!$B$2:$C$11,2,FALSE)))
A67: 9-3 | B67: ¿Hasta qué punto se mantiene y actualiza este documento (el mencionado en el punto anterior)? | E67: =IF(C67="","",(VLOOKUP(C67,'CRITERIOS DE CALIFICACIÓN'!$B$2:$C$11,2,FALSE)))
A68: 10. - Se deberán cumplir los procedimientos de gestión de cambios y permisos de trabajo para todo mantenimiento y cambios en los sistemas y redes. | E68: =AVERAGE(E69:E83) -> #DIV/0!
A69: 10-1 | B69: ¿En qué medida se han documentado los procedimientos para cambiar o mejorar la infraestructura, los programas informáticos y las aplicaciones en los sistemas informáticos? | E69: =IF(C69="","",(VLOOKUP(C69,'CRITERIOS DE CALIFICACIÓN'!$B$2:$C$11,2,FALSE)))
A70: 10-2 | B70: ¿En qué medida se cumplen estos procedimientos? | E70: =IF(C70="","",(VLOOKUP(C70,'CRITERIOS DE CALIFICACIÓN'!$B$2:$C$11,2,FALSE)))
A71: 10-3 | B71: ¿En qué medida se han documentado los procedimientos para la reparación y sustitución de equipos informáticos defectuosos o que funcionan mal? | E71: =IF(C71="","",(VLOOKUP(C71,'CRITERIOS DE CALIFICACIÓN'!$B$2:$C$11,2,FALSE)))
A72: 10-4 | B72: ¿En qué medida se cumplen estos procedimientos? | E72: =IF(C72="","",(VLOOKUP(C72,'CRITERIOS DE CALIFICACIÓN'!$B$2:$C$11,2,FALSE)))
A73: 10-5 | B73: ¿Tiene la empresa requisitos de configuración documentados para equipos de prueba de proveedores y terceros cuando estos están conectados temporalmente a la red? | E73: =IF(C73="","",(VLOOKUP(C73,'CRITERIOS DE CALIFICACIÓN'!$B$2:$C$11,2,FALSE)))
A74: 10-6 | B74: ¿En qué medida se cumplen estos procedimientos? | E74: =IF(C74="","",(VLOOKUP(C74,'CRITERIOS DE CALIFICACIÓN'!$B$2:$C$11,2,FALSE)))
A75: 10-7 | B75: ¿Requiere la empresa que los equipos informáticos de proveedores y terceros se actualicen con los últimos parches de seguridad, que utilicen versiones actualizadas de programas de seguridad, como un programa antivirus y un firewall personal, y que se escaneen en busca de malware antes de conectarse a su red? | E75: =IF(C75="","",(VLOOKUP(C75,'CRITERIOS DE CALIFICACIÓN'!$B$2:$C$11,2,FALSE)))
A76: 10-8 | B76: ¿Tiene la empresa procedimientos documentados sobre la forma en que los proveedores y terceros deben conectar sus equipos informáticos a sus redes o sistemas? | E76: =IF(C76="","",(VLOOKUP(C76,'CRITERIOS DE CALIFICACIÓN'!$B$2:$C$11,2,FALSE)))
A77: 10-9 | B77: ¿En qué medida se cumplen estos procedimientos? | E77: =IF(C77="","",(VLOOKUP(C77,'CRITERIOS DE CALIFICACIÓN'!$B$2:$C$11,2,FALSE)))
A78: 11. - Deberá estar disponible un diagrama de la topología de red actualizado, que incluya todos los componentes del sistema e interfaces con otros sistemas. | E78: =AVERAGE(E79:E83) -> #DIV/0!
A79: 11-1 | B79: ¿Tiene la empresa requisitos internos para documentar y mantener mapas de red que incluyan todos los componentes críticos? | E79: =IF(C79="","",(VLOOKUP(C79,'CRITERIOS DE CALIFICACIÓN'!$B$2:$C$11,2,FALSE)))
A80: 11-2 | B80: ¿En qué medida se han documentado todas las redes y componentes críticos de TI (por ejemplo, direcciones IP y MAC, configuraciones de hardware y ubicación física)? | E80: =IF(C80="","",(VLOOKUP(C80,'CRITERIOS DE CALIFICACIÓN'!$B$2:$C$11,2,FALSE)))
A81: 11-3 | B81: ¿En qué medida se mantiene y actualiza esta documentación? | E81: =IF(C81="","",(VLOOKUP(C81,'CRITERIOS DE CALIFICACIÓN'!$B$2:$C$11,2,FALSE)))
A82: 11-4 | B82: ¿En qué medida se han documentado las interfaces entre las aplicaciones críticas? | E82: =IF(C82="","",(VLOOKUP(C82,'CRITERIOS DE CALIFICACIÓN'!$B$2:$C$11,2,FALSE)))
A83: 11-5 | B83: ¿En qué medida la empresa dispone de documentación actualizada sobre las configuraciones de todos los sistemas críticos de TI? | E83: =IF(C83="","",(VLOOKUP(C83,'CRITERIOS DE CALIFICACIÓN'!$B$2:$C$11,2,FALSE)))
A84: 12. - Los sistemas informáticos se deben actualizar con parches de seguridad. | E84: =AVERAGE(E85:E88) -> #DIV/0!
A85: 12-1 | B85: ¿Tiene la empresa requisitos documentados para actualizar el software instalado en los sistemas de TI críticos cuando se lanzan nuevos parches de seguridad? | E85: =IF(C85="","",(VLOOKUP(C85,'CRITERIOS DE CALIFICACIÓN'!$B$2:$C$11,2,FALSE)))
A86: 12-2 | B86: ¿En qué medida los sistemas que no se pueden actualizar con parches de seguridad están segmentados o protegidos por otras medidas? | E86: =IF(C86="","",(VLOOKUP(C86,'CRITERIOS DE CALIFICACIÓN'!$B$2:$C$11,2,FALSE)))
A87: 12-3 | B87: ¿En qué medida se actualizan los sistemas de TI con los últimos parches de seguridad lanzados por el desarrollador de software? | E87: =IF(C87="","",(VLOOKUP(C87,'CRITERIOS DE CALIFICACIÓN'!$B$2:$C$11,2,FALSE)))
A88: 12-4 | B88: ¿En qué medida la gestión de parches de seguridad está de acuerdo con los procesos de trabajo para la gestión del cambio? | E88: =IF(C88="","",(VLOOKUP(C88,'CRITERIOS DE CALIFICACIÓN'!$B$2:$C$11,2,FALSE)))
A89: 13. - Los sistemas de TI deben tener medidas adecuadas y actualizadas para proteger, detectar y recuperarse de software malicioso. | E89: =AVERAGE(E90:E96) -> #DIV/0!
A90: 13-1 | B90: ¿Tiene la empresa requisitos internos para proteger los sistemas de TI contra códigos maliciosos como virus, troyanos y gusanos, así como contra actividades como el uso no autorizado y los robos informáticos? | E90: =IF(C90="","",(VLOOKUP(C90,'CRITERIOS DE CALIFICACIÓN'!$B$2:$C$11,2,FALSE)))
A91: 13-2 | B91: ¿En qué medida se monitoriza la red de TI en sus distintos niveles para detectar posibles eventos de ciberseguridad? | E91: =IF(C91="","",(VLOOKUP(C91,'CRITERIOS DE CALIFICACIÓN'!$B$2:$C$11,2,FALSE)))
A92: 13-3 | B92: ¿En qué medida existe un software antivirus en todos los sistemas de TI críticos de la red? | E92: =IF(C92="","",(VLOOKUP(C92,'CRITERIOS DE CALIFICACIÓN'!$B$2:$C$11,2,FALSE)))
A93: 13-4 | B93: ¿Está la red segmentada para limitar la propagación de malware entre computadoras? | E93: =IF(C93="","",(VLOOKUP(C93,'CRITERIOS DE CALIFICACIÓN'!$B$2:$C$11,2,FALSE)))
A94: 13-5 | B94: ¿En qué medida se instalan nuevas versiones de software antivirus y de firewall dentro de un tiempo razonable después de su lanzamiento? | E94: =IF(C94="","",(VLOOKUP(C94,'CRITERIOS DE CALIFICACIÓN'!$B$2:$C$11,2,FALSE)))
A95: 13-6 | B95: ¿En qué medida los sistemas en tiempo real que no pueden tener instalado software antivirus y firewall se analizan manualmente durante los períodos de mantenimiento para verificar que no han sido infectados? | E95: =IF(C95="","",(VLOOKUP(C95,'CRITERIOS DE CALIFICACIÓN'!$B$2:$C$11,2,FALSE)))
A96: 13-7 | B96: ¿Hasta qué punto se implementa una solución de detección de malware de "próxima generación" para detectar ataques de código malicioso basados en el reconocimiento de patrones, listas blancas activas, etc.? | E96: =IF(C96="","",(VLOOKUP(C96,'CRITERIOS DE CALIFICACIÓN'!$B$2:$C$11,2,FALSE)))
A97: 14. - Debe existir una gestión estricta del control de acceso para garantizar que solo los usuarios y sistemas autorizados puedan acceder a la información y la funcionalidad de los sistemas de TI. | E97: =AVERAGE(E98:E101) -> #DIV/0!
A98: 14-1 | B98: ¿Tiene la empresa directrices que definan qué derechos de acceso deben concederse a los sistemas y usuarios de TI para que puedan desempeñar su trabajo y función? | E98: =IF(C98="","",(VLOOKUP(C98,'CRITERIOS DE CALIFICACIÓN'!$B$2:$C$11,2,FALSE)))
A99: 14-2 | B99: ¿Tiene la empresa directrices documentadas que exijan que se nieguen todos los derechos de acceso a la información y la funcionalidad en los sistemas de TI a menos que se otorguen explícitamente? | E99: =IF(C99="","",(VLOOKUP(C99,'CRITERIOS DE CALIFICACIÓN'!$B$2:$C$11,2,FALSE)))
A100: 14-3 | B100: Si respondió SÍ a la pregunta anterior, conteste: ¿En qué medida está configurado cada sistema de TI para cumplir con este requisito? | E100: =IF(C100="","",(VLOOKUP(C100,'CRITERIOS DE CALIFICACIÓN'!$B$2:$C$11,2,FALSE)))
...

Sheet INTERPRETACIÓN DEL DIAGNÓSTICO
A1: Empresa:
A2: Fecha de evaluación:
A3: Participantes en la evaluación
A4: Concepto evaluado e interpretación | D4: Puntaje obtenido
A5: =Title_ISBR1 -> 1.- Política de seguridad de la información. | D5: =Score_ISBR1 -> #DIV/0!
A6: 3 < PO ≤ 4 | B6: Su empresa tiene lo necesario para considerar que su política de seguridad de la información existe y es eficaz.
A7: 2 < PO ≤ 3 | B7: Su empresa tiene una aceptable política se seguridad de la información pero requiere actualización anual y auditorías de cumplimiento para estar seguro de que se cumple.
A8: 1 < PO ≤ 2 | B8: Su empresa adolece de una eficaz política de seguridad y es necesario reforzar la capacitación del personal y concientización de cumplimiento.
A9: 0 < PO ≤ 1 | B9: No tiene una política de seguridad de la información y requiere algún proceso básico que ejecute su personal para salir del grado de exposición que su empresa tiene.
A10: =Title_ISBR2 -> 2. - Proceso de gestión de riesgos de seguridad de la información para los sistemas y redes. | D10: =Score_ISBR2 -> #DIV/0!
A11: 3 < PO ≤ 4 | B11: Su empresa tiene un buen sistema de administración de riesgos de seguridad, está bajo la denominación de riesgos bajo control.
A12: 2 < PO ≤ 3 | B12: Aunque la administración de riesgos tiene un nivel aceptable todavía tiene vulnerabilidades que debe revisar. Es necesario que realice un análisis exhaustivo de vulnerabilidades en gente, procesos y tecnología para asegurar una denominación de riesgos bajo control.
A13: 1 < PO ≤ 2 | B13: Su administración de riesgos de seguridad de la información es deficiente y tiene expuesta a su organización. Es necesario que lo antes posible realice una revisión exhaustiva de vulnerabilidades.
A14: 0 < PO ≤ 1 | B14: La información de su empresa está expuesta. Es urgente que realice una análisis exhaustivo de vulnerabilidades.
A15: =Title_ISBR3 -> 3. - Los sistemas informáticos y de resguardo de información no digital deben tener propietarios designados y de los datos correspondientes. | D15: =Score_ISBR3 -> #DIV/0!
A16: 3 < PO ≤ 4 | B16: Su empresa tiene un buen sistema de administración de funciones, responsabilidades y autoridad de uso de la información para el personal.
A17: 2 < PO ≤ 3 | B17: Aunque su administración de funciones de uso de información es bueno, es necesario que revise la parte de responsabilidades y autoridad de uso de la información en su personal.
A18: 1 < PO ≤ 2 | B18: Su sistema de administración de funciones, responsabilidades y autoridad de uso de la información es muy deficiente. Es importante que revise este tema lo antes posible.
A19: 0 < PO ≤ 1 | B19: Su sistema de administración de funciones, responsabilidades y autoridad de uso de la información es inexistente. Esta situación tiene expuesta a su empresa. Es urgente que cuanto antes se atienda esta condición.
A20: =Title_ISBR4 -> 4. - La infraestructura informática debe tener redes segmentadas y todas las rutas de comunicación deben ser controladas y auditadas. | D20: =Score_ISBR4 -> #DIV/0!
A21: 3 < PO ≤ 4 | B21: Su infraestructura está controlada y se encuentra en la condición de vulnerabilidades bajo control.
A22: 2 < PO ≤ 3 | B22: Aunque su infraestructura es buena requiere de revisiones de configuración de políticas de seguridad en equipos de comunicación y redes para lograr la condición de vulnerabilidades bajo control.
A23: 1 < PO ≤ 2 | B23: La infraestructura de su empresa apenas cumple con los requisitos básicos para controlar las vulneabilidades más importantes. Es nedcesio que cuanto antes desarrolle un plan de análisis de vulnerabilidades en equipos de comunicación y redes. Su condición es de vulnerabilidades latentes.
A24: 0 < PO ≤ 1 | B24: La infraestructura de su empresa está expuesta. Su condición es de vulnerabilidades sin control.
A25: =Title_ISBR5 -> 5. - Los usuarios de los sistemas deben recibir capacitación en la conciencia de la seguridad de la información y el uso seguro de los sistemas de TI de acuerdo con las políticas y procesos establecidos. | D25: =Score_ISBR5 -> #DIV/0!
A26: 3 < PO ≤ 4 | B26: Su personal está consciente y ejecuta los procesos de seguridad de la información. Su empresa tiene la condición de cultura de seguridad de la información bajo control.
A27: 2 < PO ≤ 3 | B27: Su personal aunque está consciente de la seguridad de la información tiene fallas debido a capacitación deficiente. Es importante que cuanto antes ejecute un nuevo plan de concientización y capacitación de seguridad de la información para su personal. Su empresa tiene la condición de cultura de seguirdad de la información básica.
A28: 1 < PO ≤ 2 | B28: Su personal no tiene consciencia y comportamientos adecuados para ejecutar una eficiente política de seguridad de la información. Su empresa tiene la condición de cultura de seguridad de la información ineficiente.
A29: 0 < PO ≤ 1 | B29: Los usos y construmbres de su personal exponen a su empresa. Es urgente que implemente un plan de concientización, capacitación y supervisión de política de seguridad de la información. Su empresa tiene la condición de cultura de seguridad de la información inexistente.
A30: =Title_ISBR6 -> 6. - Los sistemas informáticos sólo se utilizarán para los fines designados. | D30: =Score_ISBR6 -> #DIV/0!
A31: 3 < PO ≤ 4 | B31: Su empresa tiene un control eficaz sobre la utilización institucional de sus equipos informáticos. La condición de su empresa es infraestructura controlada.
A32: 2 < PO ≤ 3 | B32: Su empresa tiene un control eficaz sobre la utilización institucional de sus equipos informáticos de escritorio pero deficiente en móviles o externos a la red corporativa. La condición de su empresa es infraestructura parcialmente controlada.
A33: 1 < PO ≤ 2 | B33: Su empresa tiene vulnerabiliades latentes debidas a una deficiente administración y control de su infraestructura informática. La condición de su empresa es infraestructura bajo riesgo.
A34: 0 < PO ≤ 1 | B34: Su empresa tiene vulnerabilidades graves y expuestas. Es urgente que implente un plan de revisión de políticas y procesos de utilización de equipos informáticos. La condición de su empresa es infraestructura sin control.
A35: =Title_ISBR7 -> 7. - Preparación para la recuperación ante desastres. | D35: =Score_ISBR7 -> #DIV/0!
A36: 3 < PO ≤ 4 | B36: Su empresa, aunque tiene administradas sus vulnerabilidades, sabe que pueden acontecer incidentes de seguridad y por eso mantiene un plan de recuperación de desatres actualizado y eficaz.
A37: 2 < PO ≤ 3 | B37: Su empresa debe extender la comunicación de recuperación de desastres a todo el personal y no solamente al especializado en informática. Es necesario que realice actividades de simulación de desastres para validar la eficacia de sus planes de recuperación.
A38: 1 < PO ≤ 2 | B38: Su empresa debe implementar un plan de recuperación de desastres. Su empresa ante un evento de desastre de seguridad de la información no está preparada y perderá tiempo valioso en organizar su reacción.
A39: 0 < PO ≤ 1 | B39: Su empresa está totalmente indefensa ante un desastre de seguridad de la información. Es urgente que implemente un plan para tal efecto.
A40: =Title_ISBR8 -> 8.- Los requisitos de seguridad de la información se integrarán en los procesos de ingeniería, adquisición y despliegue. | D40: =Score_ISBR8 -> #DIV/0!
A41: 3 < PO ≤ 4 | B41: Sus proveedores están debidamente alineados a su política de seguridad de la información.
A42: 2 < PO ≤ 3 | B42: Sus proveedores deben recibir un reforzamiento en la comprensión de su política se seguridad de la información.
A43: 1 < PO ≤ 2 | B43: Es importante que involucre a proveedores y asociados en su política de seguridad de la información.
A44: 0 < PO ≤ 1 | B44: Si no involucra a sus proveedores asociados a su política de seguridad de la información tiene un potencial fallo de seguridad que afectará a sus clientes.
A45: =Title_ISBR9 -> 9. - Los sistemas críticos deben tener niveles de servicio y soporte definidos y documentados. | D45: =Score_ISBR9 -> #DIV/0!
A46: 3 < PO ≤ 4 | B46: Su infraestructura está protegida con actualizaciones y soporte técnico adecuado.
A47: 2 < PO ≤ 3 | B47: Parte de su infraestructura está desprotegida ante actualizaciones o fallas.
A48: 1 < PO ≤ 2 | B48: Debe identificar la infraestructura crítica y aplicarle un plan de servicio y soporte.
A49: 0 < PO ≤ 1 | B49: Su infraestructura se encuentra vulnerable y sin mantenimiento.
A50: =Title_ISBR10 -> 10. - Se deberán cumplir los procedimientos de gestión de cambios y permisos de trabajo para todo mantenimiento y cambios en los sistemas y redes. | D50: =Score_ISBR10 -> #DIV/0!
A51: 3 < PO ≤ 4 | B51: Su empresa cuenta con un plan de cambios eficaz que impide la aparición de incidentes de seguridad auto infringidos.
A52: 2 < PO ≤ 3 | B52: Su plan de cambios en la mayoría de los casos opera correctamente, pero ocasionalmente no es ejecutado y provoca incidentes de seguridad de la información. Debe reforzar la concientización del personal de cumplirlo cabalmente.
A53: 1 < PO ≤ 2 | B53: Su plan de cambios es deficiente, siendo origen de frecuentes incidentes de seguridad de la información. Debe revisar su proceso de Administración de Cambios para evaluar las deficiencias existentes.
A54: 0 < PO ≤ 1 | B54: Sus principales fuentes de incidentes de seguridad son sus procesos desordenados de cambios a la infraestructura de TI. Es usted su más importate violador de seguridad de la información.
A55: =Title_ISBR11 -> 11. - Deberá estar disponible un diagrama de la topología de red actualizado, que incluya todos los componentes del sistema e interfaces con otros sistemas. | D55: =Score_ISBR11 -> #DIV/0!
A56: 3 < PO ≤ 4 | B56: Mantiene su red informática actualizada y documentada que le permitirá identificar posibles vulnerabilidades o diagnosticar las causas de incidentes de seguridad de la información.
A57: 2 < PO ≤ 3 | B57: Debe comprender que si ya se esforzó por documentar la infraestructura de red informática, lo mejor es mantenerla actualizada para un adecuado análisis de vulnerabilidad y no perder tiempo de respuesta ante incidentes de seguridad de la información.
A58: 1 < PO ≤ 2 | B58: Sin un documento que contenga información actualizada de su infraestructura informática no podra realizar análsisi de vulnerabilidades y reaccionará lentamente ante incidentes de seguridad de la información. Designe los recursos necesarios para mantener actualizada dicha información.
A59: 0 < PO ≤ 1 | B59: Sin información sobre su infraestructura de Ti, cualquier incidente de seguridad y no solamente robo de información no podrá ser resuelto o quizá identificado oportunamente. Es urgente que sepa cómo está constituida su infraestructura de TI y los puntos de debilidad en la misma.
A60: =Title_ISBR12 -> 12. - Los sistemas informáticos se deben actualizar con parches de seguridad. | D60: =Score_ISBR12 -> #DIV/0!
A61: 3 < PO ≤ 4 | B61: Mantiene permanentemente protegida su infraestructura de seguridad de la información para beneficio de su personal, asociados y clientes.
A62: 2 < PO ≤ 3 | B62: Debe mantener un plan continuo de actulización de parches y sistemas de seguridad. Corre el riesgo que se presente un incidente grave por no realizar esta actividad lo más inmediatamente posible a la liberación de los mismos.
A63: 1 < PO ≤ 2 | B63: Actualizar parches de seguridad después de un incidente o eventualmente posiciona a su empresa en un nivel alto de riesgo potencial. No deje al azar la seguridad de información de sus clientes, personal y proveedores.
A64: 0 < PO ≤ 1 | B64: Sin parches de seguridad actualizados es como dejar abiertas las puertas de sus oficinas, podrá entrar el que quiera. Tiene una grave exposición a incidentes de seguridad de la información.
A65: =Title_ISBR13 -> 13. - Los sistemas de TI deben tener medidas adecuadas y actualizadas para proteger, detectar y recuperarse de software malicioso. | D65: =Score_ISBR13 -> #DIV/0!
A66: 3 < PO ≤ 4 | B66: Mantiene permanentemente protegida su infraestructura de seguridad de la información para beneficio de su personal, asociados y clientes.
A67: 2 < PO ≤ 3 | B67: Debe mantener un plan continuo de actulización y evaluación internas de seguridad de la información. Corre el riesgo que se presente un incidente grave por no realizar evaluaciones de la eficacia de sus protocolos de seguridad de la información en sistemas y bases de datos.
A68: 1 < PO ≤ 2 | B68: Debe reforzar su plan de evaluación de vulnerabilidades a sistemas y bases de datos para evitar incidentes de seguridad de la información. No deje al azar la seguridad de información de sus clientes, personal y proveedores.
A69: 0 < PO ≤ 1 | B69: Sin un proceso actualizado y debidamente ejecutado de análisis de vulnerabilidades de sistemas y bases de datos la mejor seguridad que puede obtener es de la suerte. Tiene una grave exposición a incidentes de seguridad de la información.
A70: =Title_ISBR14 -> 14. - Debe existir una gestión estricta del control de acceso para garantizar que solo los usuarios y sistemas autorizados puedan acceder a la información y la funcionalidad de los sistemas de TI. | D70: =Score_ISBR14 -> #DIV/0!
A71: 3 < PO ≤ 4 | B71: Aunque confía en su personal, no deja nada al azar y tiene bien establecidos protocolos y políticas de seguridad de acceso.
A72: 2 < PO ≤ 3 | B72: Sin importar el nivel organizacional del personal debe obligar a todos a cumplir con los protocolos y políticas de seguridad de acceso. Confíe pero verifique.
A73: 1 < PO ≤ 2 | B73: No hay personal confiable o no confiable, sólo hay personal que cumple con los procesos, por lo tanto no deje a la honestidad del personal el cumplimiento de reglas de seguridad de la información, ya que por un error también se pueden presentar, no necesariamente por una mala intención. Mejor desarrolle o actualice sus protocolos y políticas de acceso a sistemas y equipos para todo el personal.
A74: 0 < PO ≤ 1 | B74: Si piensa que la gente no se equivoca está en un error, los incidentes de seguridad también se pueden presentar por errores y no sólo por malas intenciones. Es urgente que cambie su punto de vista y comprenda que tiene expuesta a su empresa sin protocolos y políticas de acceso a sistemas y equipos.
A75: =Title_ISBR15 -> 15. - Los procedimientos operativos y de mantenimiento necesarios deben documentarse y mantenerse actualizados. | D75: =Score_ISBR15 -> #DIV/0!
A76: 3 < PO ≤ 4 | B76: Sus procesos de seguridad de la información son eficaces y actualizados y son ejecutados disciplinadamente por su personal de TI.
A77: 2 < PO ≤ 3 | B77: Sus procesos de seguridad de la información presentan en ocaciones obsolescencia o no son cumplidos por el personal de TI.
A78: 1 < PO ≤ 2 | B78: Sus procesos de seguridad de la información son deficientes y su personal no siempre los ejecuta con disciplina. Debe realizar una revisión para actualizarlos y concientizar al personal de TI de ejecutarlos disciplinadamente.
A79: 0 < PO ≤ 1 | B79: Sin procesos de seguridad de la información su empresa es una casa abierta. Es de gran urgencia que atienda esta vulnerabilidad.
A80: =Title_ISBR16 -> 16. - Los procedimientos para informar eventos e incidentes de seguridad de la información deben documentarse e implementarse en la organización. | D80: =Score_ISBR16 -> #DIV/0!
A81: 3 < PO ≤ 4 | B81: Mantiene un capital intelectual adecuado para evaluar incidentes de seguridad de la información y apreder continuamente.
A82: 2 < PO ≤ 3 | B82: Debe reforzar su plan de evaluación de incidentes de seguridad para aprender de los problemas presentados y mejorar continuamente.
A83: 1 < PO ≤ 2 | B83: Sin un plan de aprendizaje y lecciones aprendidas basado en el análisis de incidentes de seguridad su empresa siempre estará supeditada a que un incidente no se provocado por una nueva tecnología ya que si es así no sabrá bien qué hacer perdiendo valioso tiempo de acciones remediales.
A84: 0 < PO ≤ 1 | B84: Ninguna empresa sobrevive en el largo plazo sin un plan de capitalización de experiencias. Es urgente que atienda a la implementación de un programa permanente de evaluación de cada incidente de seguridad de la información.
A85: =Title_ISBR17 -> 17. - Todos los equipos y programas informáticos deberán estar claramente identificados y registrados en un inventario actualizado permanentemente. | D85: =Score_ISBR17 -> #DIV/0!
A86: 3 < PO ≤ 4 | B86: Sabe muy bien la cantidad y tipo de equipo que compone su infraestructura, con los beneficios administrativos y financieros que esto trae.
A87: 2 < PO ≤ 3 | B87: Es importante que no sólo el equipo del Centro de Datos este debidamente identificado, sino todos los componentes de su infraestructura de TI. Actulice y extienda su análisis a toda la infraestructura existente.
A88: 1 < PO ≤ 2 | B88: Actualizar exporádicamente la cantidad, tipo y condiciones de los componentes de su infraestructura de TI le impedirá reaccionar eficazmente cuando se le presente un incidente de seguridad de la información grave. Es esencial que atienda este tema lo antes posible.
A89: 0 < PO ≤ 1 | B89: Sin información sobre su infraestructura de TI no podrá saber el impacto que tuvo cualquier incidente de seguridad de la información que se haya presentado. Sin esta información su empresa esta expuesta a todo tipo de comportamiento malicioso y usted no podrá actuar remedialmente.
A90: =Title_ISBR18 -> 18. - El acceso remoto a los sistemas se limitará a los usuarios, procesos o dispositivos autorizados, y a las actividades autorizadas. | D90: =Score_ISBR18 -> #DIV/0!
A91: 3 < PO ≤ 4 | B91: Cualquier usuario de su red está debidamente autorizado, monitoreado y controlado evitando que cualquier acceso remoto sea un potencial incidente de seguridad.
A92: 2 < PO ≤ 3 | B92: Ningún usuario de su red, sin importar la causa debe ingresar sin autorización y no debe estar monitoreado y controlado. Aunque haya usuarios que se quejen por este motivo debe asegurarse que cualquier acceso remoto está totalmente controlado.
A93: 1 < PO ≤ 2 | B93: No hay ususario confiables y no confiables, todos deben tener accesos remotos controlados. En importante que mantenga permanentemente actualizada la lista de todos sus usarios remotos, tanto permanentes como ocasionales y se les deben aplicar los procedimientos de control correspondientes.
A94: 0 < PO ≤ 1 | B94: No saber quién, cuándo, desde dónde y qué acciones realizó desde un acceso remoto es de una gravedad crítica. Tiene muy expuesta a su organización, corriga este aspecto lo antes posible, realícelo con urgencia.
A95: =Title_ISBR19 -> 19. - Se debe documentar y cumplir un proceso para gestionar el acceso a los sistemas informáticos. | D95: =Score_ISBR19 -> #DIV/0!
A96: 3 < PO ≤ 4 | B96: Mantiene actualizado permanentemente todos los procesos, procedimientos y políticas de seguridad de la información. Sabe que se cumplen disciplinadamente.
A97: 2 < PO ≤ 3 | B97: No hay procesos importantes y no importantes en seguridad de la información. Debe asegurarse que todos están actualizados y se cumplen disciplinadamente.
A98: 1 < PO ≤ 2 | B98: No conocer perfectamente si sus procesos, procedimientos y políticas de seguridad de la información están actualizados y se cumplen disciplinadamente expone su empresa a riegos azarosos que le complicarán sus actividades remediales. Asegúrese de que esto no sucede.
A99: 0 < PO ≤ 1 | B99: Tener pocos procesos, procedimientos y políticas de seguridad de la información es tener poca seguridad y creer que se está totalmente seguro. Atienda con urgencia la existencia de todos los procesos de seguridad de la información necesarios para su empresa y asegúrese de que se cumplen disciplinadamente.
A100: Obtén más recursos y conoce nuestros servicios en innevo.com

Sheet CRITERIOS DE CALIFICACIÓN
B2: NO, EN ABSOLUTO. | C2: 0 | E2: 0-5%
B3: EN MENOR GRADO. | C3: 1 | E3: 6-35%
B4: HASTA CIERTO GRADO. | C4: 2 | E4: 36-65%
B5: EN GRAN PARTE. | C5: 3 | E5: 66-95%
B6: TOTALMENTE, COMPLETAMENTE. | C6: 4 | E6: 96-100%
B7: NO APLICABLE. | C7: N/A
B10: NO | C10: 0 | E10: 0
B11: SÍ | C11: 4 | E11: 1
